Registration Number,Name,Agency,Country,Agent Type,Authorised to Represent Minors
FARA1530,Daren Abagun,Goldfish Global Management,UK,Leadership & Owners,No
FARA1983,Ramy Abbas Issa,MS2 (Mohamed Salah Management),UAE,Elite & Super-Agents,No
FARA2566,Alexander Quant Allen,Rapture Sports Management,UK,Leadership & Owners,Yes
FARA1851,Asso Abdullahi,Avanti Sports Management,Sweden,General Agents & Staff,No
FARA2368,Hamza Abdulle,Athlete Connect Ltd,UK,General Agents & Staff,No
FARA2527,Noah Abrams,763 Management,USA,Family & Former Players,No
FARA2699,Mohamed Achahbar,ZAKA 77,Belgium,Leadership & Owners,No
FARA0356,Darren Bossons,Seven Sport Ltd,UK,Leadership & Owners,Yes
FARA1770,Simone Messe,MP Football Scouting,Italy,Professional & Legal Specialists,Yes
FARA0264,Pedro Regufe,Independent (ex-Gestifute),Portugal,Elite & Super-Agents,Yes
FARA1449,Oladele Salami,Kingdom Sports Management,UK,Leadership & Owners,Yes
FARA2341,Fahd Adamson Mansoor,Binary Sports Group,Portugal,Leadership & Owners,No
FARA0717,Luca Russo,Wasserman,UK,Leadership & Owners,Yes
FARA0247,Guy Tolmarsh,USMI Limited,UK,Leadership & Owners,Yes
FARA0960,Adnan Ahmed,Rubix Sports Management,UK,Leadership & Owners,Yes
FARA2312,Emmanuel Addo,Globara UK Ltd,UK,Leadership & Owners,No
FARA1104,Marco De Iacovo,Prolific Sports Group,Italy,General Agents & Staff,Yes
FARA0114,Daniel Lichman,"Proformance, Inc. Ltd",UK,Leadership & Owners,Yes
FARA1170,Taegyun Lim,IZ Sports Management,South Korea,General Agents & Staff,Yes
FARA1052,Abraham Olumegbon,24 Elite Sports Management,UK,Leadership & Owners,Yes
FARA2180,Lateef Laeto Adelekan,Moor Sports / Independent,UK,General Agents & Staff,No
FARA0324,Frank Trimboli,CAA Base,UK,Elite & Super-Agents,Yes
FARA2470,Ronald Adjei,Unite Sports Management,UK,Leadership & Owners,No
FARA2744,Adrian Neaga,Adrian Neaga Management,Romania,Leadership & Owners,No
FARA0906,Neil Fewings,Wasserman,UK,Leadership & Owners,Yes
FARA1134,Mark Agg-Jones,AJ 100,UK,Professional & Legal Specialists,No
FARA0339,Neale McDermott,McDermott Sports Management,UK,Family & Former Players,Yes
FARA1109,Steffy Agnoly,Prime Football Agency,France,General Agents & Staff,No
FARA1635,Papa Agyemang,Reign Star Group,UK,Leadership & Owners,No
FARA2097,Akua Agyemfra,The Balley / Merky,UK,Professional & Legal Specialists,No
FARA0616,Paul Dalglish,TaP23,UK,Family & Former Players,Yes
FARA2359,Soilhoudine Ahamed,Only Pro Sport,France,General Agents & Staff,No
FARA0952,Jamie Aherne,NEO MGMT,Ireland,General Agents & Staff,No
FARA0534,John Kimbell,John Kimbell Consulting,UK,Professional & Legal Specialists,Yes
FARA2010,Joe-Craig Alois,First Access Sports,UK,General Agents & Staff,No
FARA0625,Paul Masterton,Wasserman,UK,General Agents & Staff,Yes
FARA1069,Kyarash Ahmadzadeh,K Group,Sweden,Leadership & Owners,No
FARA0289,Liam McDermott,McDermott Sports Management,UK,General Agents & Staff,Yes
FARA2162,Adam Ahmed,Adam Ahmed & Co,UK,Leadership & Owners,No
FARA2186,Ahmed Ahmed Mahmoud,Triple Keys Sports,Egypt,General Agents & Staff,No
FARA2026,Jungchul Ahn,HBR Sport,South Korea,Leadership & Owners,No
FARA2192,Jungho Ahn,FS Corporation,South Korea,General Agents & Staff,No
FARA0594,Ilyass Ait Hamou,Ait Hamou Management,France,Leadership & Owners,No
FARA0130,Francesco Samuele Mura,Mura Sports,Italy,Leadership & Owners,Yes
FARA2027,Grégoire Akcelrod,One Soccer Agency,France,Leadership & Owners,No
FARA0230,Stuart Peters,Full Contact,UK,Leadership & Owners,Yes
FARA0391,Paulo Verissimo,Soccer Network,Portugal,General Agents & Staff,Yes
FARA1772,Korede Akinwunmi,Korede & Co,UK,General Agents & Staff,No
FARA0500,Oluwatosin Akinyemi,T-Sino Sports,Nigeria,Leadership & Owners,No
FARA2659,Olubusola Akinyeni,Akinyeni Management,UK,Leadership & Owners,No
FARA1948,Temitope Arise,Arise Sports,UK,General Agents & Staff,Yes
FARA1812,IBRAHIM BAAYEH,Baayeh Management,Lebanon,Leadership & Owners,Yes
FARA0716,Tobi David Alabi,Alabi Management,UK,Leadership & Owners,No
FARA2258,Abdulkarim Alabi,Sports Concepts,UK,General Agents & Staff,No
FARA2751,Adeyanju Alabi,Sports Concepts,UK,General Agents & Staff,No
FARA2164,Manar Alafandi,Fandi Sports,Syria,Leadership & Owners,No
FARA1808,Fahad Alahmad,F.A. Management,Kuwait,Leadership & Owners,No
FARA1334,Abidu Rahman Alapurayil,Global Sports Reach,India,General Agents & Staff,No
FARA2225,Miguel Alberich Arias,Alberich Sports,Spain,Leadership & Owners,No
FARA1513,Guido Albers,Players United Management,Netherlands,Leadership & Owners,No
FARA2463,Inaki Aldao,Wasserman (ex-Stellar),Spain,General Agents & Staff,No
FARA1146,Pedro Aldave,PAO (Pedro Aldave Ortuzar),Paraguay,Leadership & Owners,No
FARA0535,Liam Bowes,L.B. Sports,UK,Leadership & Owners,Yes
FARA1609,Miguel Alfaro Garcia,You First,Spain,Leadership & Owners,No
FARA1212,Fabio Algeri,F-Sport,Italy,General Agents & Staff,No
FARA0648,Kamran Ali Khan,K.A.K. Sports,UK,Leadership & Owners,No
FARA0916,Barki Aljidaani,Jidaani Sports,Saudi Arabia,Leadership & Owners,No
FARA1876,Lewis Brownhill,L.B. Management,UK,Leadership & Owners,Yes
FARA2193,Adnan Alkic,Alkic Sports,Bosnia,General Agents & Staff,No
FARA2207,Le Toudjida Allara,Allara Management,Chad,Leadership & Owners,No
FARA1947,William Flood,Flood Management,Ireland,General Agents & Staff,Yes
FARA0754,Luke Isaac Moore,New Era Global Sports,UK,Family & Former Players,Yes
FARA2340,Mohamed Khalied Allie,Allie Management,South Africa,Leadership & Owners,No
FARA1433,Tapsoba Allijisse,Allijisse Management,Burkina Faso,General Agents & Staff,No
FARA0669,Oleksii Alokhin,ProStar,Ukraine,General Agents & Staff,No
FARA2627,Hasan Alotaibi,H.A. Management,Saudi Arabia,Leadership & Owners,No
FARA1155,Batur Altiparmak,Footalent,Turkey,Leadership & Owners,No
FARA1758,Lawrence Pearson,Pearson Sports,UK,General Agents & Staff,Yes
FARA1783,Israel Ramos de Oliveira,Penta Management,Brazil,General Agents & Staff,Yes
FARA1902,Fabio Alves,Elemento Sports Management,Brazil,Leadership & Owners,No
FARA1073,Nuno Amadeu,Soccer Network,Portugal,General Agents & Staff,No
FARA1263,Jac Trenchard,Lords of Football,UK,General Agents & Staff,Yes
FARA2219,Samuel Teye-Larbi Amanor,Amanor Sports,Ghana,Leadership & Owners,No
FARA0703,Diogo Ambrioso,D-Ambrioso Management,Portugal,Leadership & Owners,No
FARA0702,Petter Andersson,Full Potential Agency,Sweden,Leadership & Owners,No
FARA0627,Skylet Andrew,Skylet Andrew (Boutique),UK,Elite & Super-Agents,No
FARA0794,Atta Emefie Aneke,Players Management Group (PMG),Norway,General Agents & Staff,No
FARA0771,Julian Kajue,Zodiak Sports Group Limited,England,Leadership & Owners,Yes
FARA1989,Jarkko Tapio Anttila,2 Goals Agency & Management,Finland,Leadership & Owners,No
FARA1135,Udo Alozie Onwere,M&C Saatchi Football,Specialist Boutique,General Agents & Staff,Yes
FARA0186,Ivan De La Peña,Independent (former professional footballer),Spain,Family & Former Players,No
FARA1835,Tom De Mul,Independent (former professional footballer),Belgium,Family & Former Players,No
FARA1733,Philipp Degen,Independent (former professional footballer),Switzerland,Family & Former Players,No
FARA0510,Brandon Kenlock,Independent (former professional footballer),United Kingdom,Family & Former Players,Yes
FARA2399,Ali Dursun,HCM Sports Management,Netherlands,General Agents & Staff,No
FARA1669,Gareth Jon Seddon,Independent (former professional footballer),United Kingdom,Family & Former Players,Yes
FARA2782,Mikel-Ange Ehueni,Doubled Sports,United Kingdom,General Agents & Staff,No
FARA1396,Andre Cury Marduy,Link Sports,Brazil,General Agents & Staff,Yes
FARA1287,Ellis Khouri,CAA Base,United Kingdom,General Agents & Staff,Yes
FARA1529,Jake Sugar,CAA Base,United Kingdom,General Agents & Staff,Yes
FARA2140,Joseph Ekwochi,Sports Investors,UK,Leadership & Owners,No
FARA1166,Anas El Abbaoui,Pro-Pulse,Belgium,General Agents & Staff,No
FARA2339,Anas El Amrani Zerifi,WA Football Agency,Spain,Leadership & Owners,No
FARA1519,Farid El Arche,AXL Agency,Belgium,General Agents & Staff,No
FARA1541,Mouad El Bekri,Football Player Dream,Morocco,Leadership & Owners,No
FARA1680,Otman El Falaki,AS1 Sports / Lead Football,Denmark,General Agents & Staff,No
FARA0523,Anthony Chimara,The Green Management Agency,UK,Leadership & Owners,Yes
FARA1080,Ramy El Sayed,Professional Sports Agency,Egypt,General Agents & Staff,No
FARA0101,Dean Eldredge,Olyue (Ollie Sports),United Kingdom,General Agents & Staff,No
FARA2524,Marcelino Elena,Marcelino Elena Management,Spain,Family & Former Players,No
FARA0177,Christopher Evans,CE Management,United Kingdom,General Agents & Staff,Yes
FARA1179,Elizabeth Ellen,Lextal,United Kingdom,General Agents & Staff,No
FARA1159,Bradley Halsman,InMotion Sports Agency,United Kingdom,General Agents & Staff,Yes
FARA0320,Christian Emile,Emsworth,United Kingdom,General Agents & Staff,No
FARA2145,Austin Emile,Emsworth,United Kingdom,General Agents & Staff,No
FARA0271,Takashi Endo,Blue Sky,Japan,General Agents & Staff,No
FARA2606,Selcuk Ercin,Don Ballers Football Agency,Turkey,General Agents & Staff,No
FARA2363,Ogun Erdem,Erdem Sports,Turkey,General Agents & Staff,No
FARA2541,Ata Erdem,Erdem Sports,Turkey,General Agents & Staff,No
FARA2757,Murat Erdogan,ME.10.FOOTBALL,United Kingdom,General Agents & Staff,No
FARA0135,Necdet Ergezen,Foot-Ball,Turkey,General Agents & Staff,No
FARA1548,Matya Esterhazy,EM Sports,Hungary,General Agents & Staff,No
FARA0834,Dirk Josef Hebel,DH Sports Consulting,Germany,Family & Former Players,Yes
FARA2400,M. El Mehdi Et Toumi,Mohamed El Mehdi Et Toumi,Morocco,General Agents & Staff,No
FARA1698,Antoine Ettori,Ettori Management,France,General Agents & Staff,No
FARA0623,Hayden Evans,Blue Sky Sports,United Kingdom,General Agents & Staff,No
FARA0822,Ali Barat,Epic Sports,United Kingdom,General Agents & Staff,Yes
FARA0497,Mark Andrew Arber,Integral Sports,United Kingdom,Family & Former Players,Yes
FARA1907,Liam Brown,Prestige Eleven,United Kingdom,General Agents & Staff,Yes
FARA2079,Tyree Clarke,Independent (Boutique),United Kingdom,General Agents & Staff,Yes
FARA1365,Louie Evans,10TEN Football Limited,United Kingdom,General Agents & Staff,No
FARA0823,Stephen Horner,HSH Sports Limited,United Kingdom,General Agents & Staff,Yes
FARA1731,Francesco Facchinetti,Ali Sport,Italy,General Agents & Staff,No
FARA2030,Zohair Fadel,ROGON,Germany,General Agents & Staff,No
FARA1976,Harry Levy,Syndicate Sports Management,UK,General Agents & Staff,Yes
FARA2788,Izzet Faik,Independent / Boutique,UK,General Agents & Staff,No
FARA2091,Olivier FALLA-ETZOL,Independent / Consultant,UK,General Agents & Staff,No
FARA0185,Andrew Francis McGregor,AMC Sports & Business Mgmt,UK,General Agents & Staff,Yes
FARA2360,Bailey Farah,Benchmark Sports & Ent.,UK,General Agents & Staff,No
FARA2311,Ismail Farhate,Sniper Sports Agency,France,General Agents & Staff,No
FARA0161,Jon Newsome,Astra Partners,UK,Family & Former Players,Yes
FARA1686,Ayad Farid,Independent (FA Registered),UK,General Agents & Staff,No
FARA0258,Christopher Babbage,Independent (FA Registered),UK,General Agents & Staff,Yes
FARA0860,Louis Bell,FA Sport,UK,General Agents & Staff,Yes
FARA0820,Neil Crosby,Independent (ex-Doyen Global),UK,General Agents & Staff,Yes
FARA0517,Tiago Esteves,Concilium Sport,UK,General Agents & Staff,Yes
FARA0379,Michael Minghella,Independent (FA Registered),UK,General Agents & Staff,Yes
FARA1417,Anthony Fedon,DWMA (Deal With My Agent),France,General Agents & Staff,No
FARA1972,Mattheo Fedon,DWMA (Deal With My Agent),France,General Agents & Staff,No
FARA1787,Christopher Giometti,CG23 Player Agency,Australia,General Agents & Staff,Yes
FARA2260,Fernando Felicevich,Vibra Futbol,Chile,General Agents & Staff,No
FARA0555,Ilyes Fellahi,Pro Foot Consulting,UAE,General Agents & Staff,No
FARA0025,Jeroen Luis Hoogewerf,Hoogewerf & Partners,Portugal,General Agents & Staff,Yes
FARA0785,David Fenwick,1892 Sports Agency,UAE,General Agents & Staff,No
FARA0426,Leegreg Fer,Independent (FA Registered),UK,General Agents & Staff,No
FARA0854,Ulrich Ferber,Fair-Sport,Germany,General Agents & Staff,No
FARA1005,Mark Stefan Livingston,REPT,Australia,General Agents & Staff,Yes
FARA2480,Ashleigh Ferdinand,Independent / Boutique,UK,General Agents & Staff,No
FARA0211,Hector Fernandez,By & For Sport Management,Spain,General Agents & Staff,No
FARA2167,Andres Damian Fernandez,FH Sport Group,Argentina,General Agents & Staff,No
FARA2457,Walter Fernandez,BF Agency L.L.C-FZ,UAE,General Agents & Staff,No
FARA2304,Sergio Fernandez Cuervo,Independent / Boutique,Spain,General Agents & Staff,No
FARA1992,Cristobal Fernandez,Promoesport,Spain,General Agents & Staff,No
FARA2646,Cristina Fernandez,Independent / Boutique,Spain,General Agents & Staff,No
FARA2346,Bruno Ferragut,Ferragut Sport,Uruguay,General Agents & Staff,No
FARA2142,Fabrizio Ferrari,F&F (Ferrari & Ferrari),Italy,General Agents & Staff,No
FARA0402,Patrick Ferreira,TPSportManagement,Norway,General Agents & Staff,No
FARA1475,Robson Ferreira,Independent / Boutique,UK,General Agents & Staff,No
FARA1611,Igor Ferreira,Kiraht Sports,UAE,General Agents & Staff,No
FARA2093,Brendan Aherne,NEO MGMT LTD,UK,General Agents & Staff,Yes
FARA1373,Pol Ferrer Perez,Independent / Boutique,Spain,General Agents & Staff,No
FARA1431,Jason Fevrier,Sports Empire Group / Lace,UK,General Agents & Staff,No
FARA2656,Aaron Bonds,A2B Sports Management,UK,General Agents & Staff,Yes
FARA0564,Raul Figueiredo,Independent (FA Registered),UK,General Agents & Staff,No
FARA0722,Matteo Scarpini,Fisher Sport Ltd,UK,General Agents & Staff,Yes
FARA0782,Maykon Barros,Independent (FA Registered),UK,General Agents & Staff,Yes
FARA1349,Kian Enderby,Rebirth Soccer,UK,General Agents & Staff,Yes
FARA0434,Gianluca Fiorini,14 Royal Football,Italy,General Agents & Staff,No
FARA0333,Scott Fisher,Fisher Sport Ltd,UK,General Agents & Staff,No
FARA1585,Gian Marco Gilardi,MCSC Management,Monaco,General Agents & Staff,Yes
FARA0540,Daniel Gilbert,Independent (FA Registered),UK,General Agents & Staff,Yes
FARA2603,Ian Fleming,Wilson Management Alliance (WMA),USA,General Agents & Staff,No
FARA0983,Graham Fletcher,Beyond Football Agency,UK,General Agents & Staff,No
FARA0468,Joel Hickman,Key Sports Management,UK,General Agents & Staff,Yes
FARA2731,Rich Terrence L. Fleur,Independent / RF Sports,UK,General Agents & Staff,No
FARA1024,Alex Levack,Sidekick Management,UK,General Agents & Staff,Yes
FARA0024,Mamadi Fofana,M.F. Management,France,General Agents & Staff,No
FARA0331,Karamoko Fofana,Fouala Sports Management,Guinea,General Agents & Staff,No
FARA1300,Abdoulaye Fofana,Riza Sports,Senegal,General Agents & Staff,No
FARA0880,Ricardo Fonseca,Independent / Onze Sports,Portugal,General Agents & Staff,No
FARA1971,Deividson Andrews Fonseca,Art Sports Management,Brazil,General Agents & Staff,No
FARA1141,Alberto Fontana,Alberto Jimmy Fontana,Italy,Family & Former Players,No
FARA0373,Vicente Alejandro Fores,Interstar Deporte,Spain,General Agents & Staff,No
FARA0392,Jose Fortes Rodriguez,Team Raiola,Netherlands,General Agents & Staff,No
FARA1800,Juan Martin-Zamora,Common Group,Spain,General Agents & Staff,Yes
FARA1335,Emmanuel Foster,EPF Sport,UK,General Agents & Staff,No
FARA2519,Tarek Fourati,Foot Legendary,France,General Agents & Staff,No
FARA0837,Alan Redmond,Roc Nation Sports,UK,General Agents & Staff,Yes
FARA1359,Brian Adair,One Two Management,Northern Ireland,General Agents & Staff,Yes
FARA0157,Stijn Francis,Stirr Associates,Belgium,General Agents & Staff,No
FARA2414,Andrew Burton,Gen-Z Football,UK,General Agents & Staff,Yes
FARA1425,Brou Attouoman Francis,Etablissement Brou Services,Ivory Coast,General Agents & Staff,No
FARA2431,Sean Lanaway,Glendinning Football Consultancy,United Kingdom,General Agents & Staff,Yes
FARA1225,Carl-Johan Fransen,A.M.A. Sports Agency,Sweden,General Agents & Staff,No
FARA2423,Ayoolamide Fawunmi,Elite Management Agency,UK,General Agents & Staff,Yes
FARA0656,Thomas Freismuth,GROW,Austria,General Agents & Staff,No
FARA0839,Pierre Frelot,Independent / Consultant,France,General Agents & Staff,No
FARA0961,Didier Frenay,Starfactory,Belgium,Family & Former Players,No
FARA0150,David Moss,David Moss Group,UK,Family & Former Players,Yes
FARA0552,Simon Friis,Nine Group,Denmark,General Agents & Staff,No
FARA1890,Eliot Frilli,CAA Base,Italy,General Agents & Staff,No
FARA0270,Chukwuemeka K. Igbokwe,21 Talent Management,UK,General Agents & Staff,Yes
FARA0423,Vitale Taverna,Affinity Premier Management,United Kingdom,General Agents & Staff,Yes
FARA2300,Kunihiro Fujita,UDN Sports,Japan,General Agents & Staff,No
FARA1893,Kanon Furuyama,CAA Base,Japan,General Agents & Staff,No
FARA2705,Francois Gabbidon,Gabbidon Sports Management,United Kingdom,General Agents & Staff,No
FARA2348,Kelly Gadea,A&V Sports,France,General Agents & Staff,No
FARA2301,Sidney Gakpo,Independent / Gakpo Mgmt,Netherlands,General Agents & Staff,No
FARA1031,Panagiotis Galariotis,Sports Action,Greece,General Agents & Staff,No
FARA1543,Henry Galeano,Chosen International,USA,General Agents & Staff,No
FARA1719,Kevin Gall,SMI Sports Management,United Kingdom,General Agents & Staff,No
FARA2403,Jonas Galotta,Sports360,Germany,General Agents & Staff,No
FARA1044,Daniel Adeyemo,The One Agency,United Kingdom,General Agents & Staff,Yes
FARA0842,Christopher Gankerseer,Independent (FA Registered),UK,General Agents & Staff,No
FARA1891,Ronnie Gansah,Utmost Football Club,USA,General Agents & Staff,No
FARA2706,Jaimie Garande,Independent (FA Registered),UK,General Agents & Staff,No
FARA1716,Margarita Pilar Garay,Bahía Internacional,Spain,General Agents & Staff,No
FARA2754,Leigh David Garbutt,Garbutt Sports Management,UK,General Agents & Staff,No
FARA0084,Jaime Garcia,Starting XI Player Management,Spain,General Agents & Staff,No
FARA0410,Alejandro Garcia,Footfeel ISM,Spain,General Agents & Staff,No
FARA1137,Sergio Garcia,Bahía Internacional,Spain,General Agents & Staff,No
FARA1430,Alexi Yovanoff,Integer Sport (formerly),UK,General Agents & Staff,Yes
FARA0061,Santos Garcia Gutierrez,Footfeel ISM,Spain,General Agents & Staff,No
FARA1624,Manuel Pelayo Garcia,Manuel Garcia Quilon (Boutique),Spain,General Agents & Staff,No
FARA1692,Carlos David Garcia,Cany Sports Group,Argentina,General Agents & Staff,No
FARA1578,Garcia-Fuster,All Iron Sports,Spain,General Agents & Staff,No
FARA1577,Olafur Gardarsson,Icelandic Agency,Iceland,General Agents & Staff,No
FARA2114,Allan Preston,ICM Stellar Sports,Scotland,Family & Former Players,Yes
FARA0089,Elliott Anderson,SEG,UK,General Agents & Staff,Yes
FARA0512,George Gardi,Independent (Galatasaray specialist),Italy,General Agents & Staff,No
FARA2294,Alexandra Gardner,Affinity Sports,Isle of Man,General Agents & Staff,No
FARA0369,James Garley,Achieve Management,UK,General Agents & Staff,No
FARA0173,Graham Garner-Jones,EHM Sports Limited,UK,General Agents & Staff,No
FARA2264,Javier Garrido Ramirez,Interstar Deporte,Spain,Family & Former Players,No
FARA1161,Nathan Gaynor,Cove Agency,Australia,General Agents & Staff,No
FARA1227,Robert Geerlings,Eleven Double Pass,Netherlands,General Agents & Staff,No
FARA2726,Gregory Gelabert,Team Eleven,France,General Agents & Staff,No
FARA2418,Rubens Gentille Neto,BKL Sports,Brazil,General Agents & Staff,No
FARA0354,Michael Appiason,Golden Gate Group,UK,General Agents & Staff,Yes
FARA0769,Andrea Burla,A.M.C. Football Management,Italy,Leadership & Owners,Yes
FARA1643,Elias Georgiou,SEG,Netherlands,General Agents & Staff,No
FARA2672,Kevin Geraud,KGS Management,France,Leadership & Owners,No
FARA0778,Dave Lawrence,Dave Lawrence Sports Mgmt,UK,General Agents & Staff,Yes
FARA0829,Wolfgang Gesell,Wasserman,Germany,General Agents & Staff,No
FARA1297,Adam Ghani,Empire Sports Group,UK,General Agents & Staff,No
FARA0220,Gregory Wadsworth,GW Sports Limited,UK,General Agents & Staff,Yes
FARA0509,Daniel Wood,Independent (FA Registered),UK,General Agents & Staff,Yes
FARA0451,Kevin Giess,Every Aspect Group,UK,General Agents & Staff,No
FARA0536,Dylan Dewey,The Invictus Agency,UK,General Agents & Staff,Yes
FARA1255,Zoran Lemic,Universal Sports Group,Serbia,General Agents & Staff,Yes
FARA0233,Sefa Atay,SEG,Turkey,General Agents & Staff,Yes
FARA2768,Matthew Gilson,Gilson Sports,UK,Leadership & Owners,No
FARA0277,Xavier Gimenez,Promoesport,Spain,General Agents & Staff,No
FARA0376,Jean-Baptiste Ginies,Pro-Agent,France,Leadership & Owners,No
FARA0863,Gabriele Giuffrida,GG11 Sports Agency,Italy,General Agents & Staff,No
FARA0905,Valerio Giuffrida,GG11 Sports Agency,Italy,General Agents & Staff,No
FARA0315,Nicola Giuliani,GiulianiSports Ltd,UK,General Agents & Staff,No
FARA2349,Konstantinos Gkogkonas,Octagon (OIS),Greece,General Agents & Staff,No
FARA0724,Liam Carroll,First For Players Ltd,UK,General Agents & Staff,Yes
FARA2041,Sean Glendinning,Glendinning Football Consultancy,UK,General Agents & Staff,No
FARA1681,Markus Gloel,Sixth Street,Finland,General Agents & Staff,No
FARA1688,Igor Gluščević,Kairos Sport Management,Montenegro,Family & Former Players,No
FARA1966,Aziz Gnamkey,Ivory Sports Management,Ivory Coast,General Agents & Staff,No
FARA0416,Simon Jenkins,The Sports Agency,UK,General Agents & Staff,Yes
FARA0755,Julie Goddard,JMG Management,UK,Professional & Legal Specialists,No
FARA1553,Bjarne Goldbæk,Goldbaek Sport GmbH,Denmark,Family & Former Players,No
FARA0581,Jack Wilson,KIN Partners,UK,General Agents & Staff,Yes
FARA0589,Paolo Vernazza,Two Touch Agency,UK,Family & Former Players,Yes
FARA2597,Dario Gomes,DGM Sports,Portugal,Leadership & Owners,No
FARA1183,Carlos Gonçalves,Proeleven,Portugal,General Agents & Staff,No
FARA2259,Abdulfatai Adegbola,JV Academy,Nigeria,General Agents & Staff,Yes
FARA1502,Carlos Goñi,Goñi & Partners,Spain,Leadership & Owners,No
FARA0938,Anthony Finnigan,Players Lounge London,UK,Family & Former Players,Yes
FARA1946,Alexandre Gontran,Virtuous Sports Management,France,General Agents & Staff,No
FARA2158,José María González Ruiz,Bahía Internacional,Spain,General Agents & Staff,No
FARA0511,Jemeile Gordon✝,Independent (Deceased),UK,General Agents & Staff,No
FARA0560,Blade Gordon,Agent Assist,USA,General Agents & Staff,No
FARA1092,Colin Kenneth Gordon,KeySports,UK,Family & Former Players,No
FARA2743,Boaz Goren,BG Sports,Israel,General Agents & Staff,No
FARA1271,Georgios Goumagias,Argentum Sport,Greece,General Agents & Staff,No
FARA1049,Frédéric Gounongbe,Elevate Football Agency,Belgium,Family & Former Players,No
FARA0506,Andreas Govas,Stone Mountain Management,Australia,Family & Former Players,No
FARA1619,Alexandre Pinto da Costa,Energy Sports,Portugal,General Agents & Staff,No
FARA2570,Peter Graetzer,KANCHA Agency,Ecuador,General Agents & Staff,No
FARA1492,Dr. Simon Graner,FootballAgents,Germany,General Agents & Staff,No
FARA0913,Simeon Coley,Three16 Sports Ltd,UK,General Agents & Staff,Yes
FARA0029,Anton Dale Robinson,Tier One Agency,UK,Family & Former Players,Yes
FARA2471,Adrian Griffin,Griffin Sports,Australia,General Agents & Staff,No
FARA1021,John Grimaud,Proactive Sports Management,Australia,General Agents & Staff,No
FARA1352,Menno Groenveld,Pure Sportsmanagement,Netherlands,General Agents & Staff,No
FARA0498,Barry Thomas,Interactive Sports Management,United Kingdom,General Agents & Staff,Yes
FARA1314,Ferdinando Guarino,Football Service,Italy,General Agents & Staff,No
FARA1512,Martin Guastadisegno,Martin Guastadisegno Agency,Argentina,General Agents & Staff,No
FARA1696,FRANCK GUEI,442 Partners,France,General Agents & Staff,No
FARA0896,David Anthony Campbell,David Campbell Sports Management,United Kingdom,Family & Former Players,Yes
FARA0650,Giacomo Guidolin,G G Sport Management,United Kingdom,General Agents & Staff,No
FARA0997,Ilhan Gundogan,Equipe Sports Group,Germany,General Agents & Staff,No
FARA0038,Linus Gunnarsson,MAQS Advokatbyrå,Sweden,General Agents & Staff,No
FARA2190,Giovanni Gurrieri,Gurrieri Calcio Management,Italy,General Agents & Staff,No
FARA0013,Patrick Deane,Quorum Sports,United Kingdom,General Agents & Staff,Yes
FARA2161,Luis Enrique Guzman Reino,GUZ&GUAL FA,Spain,General Agents & Staff,No
FARA1924,Darren Freeman,SportsTotal,United Kingdom,Family & Former Players,Yes
FARA0280,Emmanuel Gyasi,Independent / Family Office,Ghana,Family & Former Players,No
FARA1586,Maximilian Hagmayr,Hagmayr Sportmanagement,Austria,Family & Former Players,No
FARA2585,PAWEL HAJDUCZEK,KFM (Kolakowski Football Mgmt),Poland,Family & Former Players,No
FARA0006,Kristof J. E. Vandersmissen,Cherry Sports,Belgium,General Agents & Staff,Yes
FARA0530,Patrick Conliffe,PLG Agency,United Kingdom,General Agents & Staff,Yes
FARA2036,SANA HAMADOU,3S Consulting And Management,France,General Agents & Staff,No
FARA1301,Kate Hamer,AxisStars,United Kingdom,General Agents & Staff,No
FARA2043,Amar Hami,Initium Elite,France,General Agents & Staff,No
FARA2688,Halim Hamiche,Goleo,France,General Agents & Staff,No
FARA0088,Jamie Hand,Two Touch Agency,United Kingdom,Family & Former Players,No
FARA2092,Henrik Bek Hansen,BekDreams Management,Denmark,General Agents & Staff,No
FARA2643,Harvey Walker,Xportus Sports Management (XSM),United Kingdom,Family & Former Players,Yes
FARA2267,JACOB HARGREAVES,FullNinety Sports Management,United Kingdom,General Agents & Staff,No
FARA0895,Ryan Harper,Ryan Harper Sports,UK,General Agents & Staff,No
FARA1538,Richard Poxon,Poxon Sports,UK,Professional & Legal Specialists,Yes
FARA1607,Robert Snodgrass,Snodgrass Management,UK,Family & Former Players,Yes
FARA0568,Jordan Segal,Wasserman,USA,General Agents & Staff,Yes
FARA1277,David Hartley,Independent (FA Registered),UK,General Agents & Staff,No
FARA1020,Emeka Obasi,Elite Project Group (EPG),UK,General Agents & Staff,Yes
FARA0684,Dean Sturridge,Sturridge Sports Management,UK,Family & Former Players,Yes
FARA1620,Ingo Haspel,Haspel Sportconsulting,Germany,General Agents & Staff,No
FARA0253,James Lee Featherstone,OmniSports,UK,General Agents & Staff,Yes
FARA1138,Caio Hauschild Cobra,Cobra Sports,Brazil,General Agents & Staff,No
FARA0463,Tay Hawker,Hawker Graduate Service,USA,General Agents & Staff,No
FARA1377,Bradley Dryer,ROOF,Germany,General Agents & Staff,Yes
FARA2509,Jeremy Hazan,Concept Sport Agency,France,Leadership & Owners,No
FARA0470,Jeff Amankwah,Connect Management,Belgium,General Agents & Staff,Yes
FARA0172,Darren Wrack,DW Football,UK,Leadership & Owners,Yes
FARA0310,Nojan Bedroud,NB Sports,Germany,Professional & Legal Specialists,Yes
FARA1708,Dimitri Hendrickx,Cherry Sports,Belgium,Leadership & Owners,No
FARA0007,Martin Henrotay,Vision Foot,Luxembourg,General Agents & Staff,No
FARA0008,Roger Henrotay,Vision Foot,Luxembourg,General Agents & Staff,No
FARA2404,James Hepburn,Superior Sports Management,UK,Leadership & Owners,No
FARA1209,Jason Madubuko,Majestyk Sports Consultancy,UK,Leadership & Owners,Yes
FARA0142,Graham Barrett,Platinum One Group,Ireland,Leadership & Owners,Yes
FARA0015,Shaun Higgins,PRO Football Consultants,USA,General Agents & Staff,No
FARA0927,James Higgins,PRO Football Consultants,USA,Professional & Legal Specialists,No
FARA1276,Javan Vidal,VISUM SPORTS,UK,Leadership & Owners,Yes
FARA0366,Jonathan Hassall,Beswicks Sports,USA,General Agents & Staff,Yes
FARA0559,Sergio Manesio,SEG (Sports Entertainment Group),UK,General Agents & Staff,Yes
FARA1830,Philip Hoffmann-Ostenhof,OmniSports,UK,General Agents & Staff,No
FARA0036,Nana Sechere,True Baller Limited,UK,General Agents & Staff,Yes
FARA0585,Barry Poynton,BPoint Scouting Limited,UK,Professional & Legal Specialists,Yes
FARA0343,Jamie Holsgrove,One Sport Football Management,UK,General Agents & Staff,No
FARA0009,Hiroyuki Honda,"HEROE Co., Ltd",Japan,General Agents & Staff,No
FARA2100,Raphael Honigstein,Independent / Media,Germany,Professional & Legal Specialists,No
FARA0602,Fredericus van der Hoorn,FSM Sports Management,Netherlands,Leadership & Owners,No
FARA0415,Adam Horner,McHale & Co,UK,Leadership & Owners,No
FARA1875,Joshua Gwam,JG Sports Consulting,UK,Leadership & Owners,Yes
FARA1603,Blash Hosseini,BHM Sports Agency,Sweden,Leadership & Owners,No
FARA2334,David Howells,Private Counsel Ltd,UK,Leadership & Owners,No
FARA1977,Marios Tsampalas,OIS Agency,Greece,Professional & Legal Specialists,Yes
FARA1273,Bradley Hudson-Odoi,Boss Talent Sports,UK,General Agents & Staff,No
FARA1140,Michael Hughes,Forwardzone,UK,Family & Former Players,No
FARA0477,Stephen Hunt,Stephen Hunt Management,Ireland,Family & Former Players,No
FARA0714,Gavin Andrew Mahon,MMA Consulting,UK,General Agents & Staff,Yes
FARA2361,Enrico Iaquinta,Goalcon,Germany,General Agents & Staff,No
FARA2042,Iñaki Ibañez,IDUB Global,Spain,General Agents & Staff,No
FARA1943,Harold Ichbia,Classico,France,Elite & Super-Agents,No
FARA0133,Ivo Faria,International Foot,Portugal,General Agents & Staff,Yes
FARA1827,Hervé Ilombe,Independent (FA Registered),UK,General Agents & Staff,No
FARA2481,Imad Dhib,The Players' Agent,Israel,General Agents & Staff,No
FARA0201,Antonino Imborgia,Sport Agency Futura,Italy,Leadership & Owners,No
FARA0327,Elliott Fillingham,FullNinety Sports Management,UK,General Agents & Staff,Yes
FARA1353,Akihito Ito,Universal Sports Japan,Japan,General Agents & Staff,No
FARA0136,Mario Iveljic,MD Management,Germany,General Agents & Staff,No
FARA2396,Hugo Jabouley,EL-EF Sport,UK,General Agents & Staff,No
FARA2221,Elias Jabri,Feel Football 360,Germany,General Agents & Staff,No
FARA1473,Darren Jack,Crest Sports Management,UK,General Agents & Staff,No
FARA0110,Luke Guttridge,LG Sports Management,UK,Family & Former Players,Yes
FARA2374,Holger Jakob,Härting Rechtsanwälte (Legal),Germany,Professional & Legal Specialists,No
FARA1458,Courtney James,The Players Property Partners,UK,Family & Former Players,No
FARA0079,Robert Jansen,SEG (Sports Entertainment Group),Netherlands,General Agents & Staff,No
FARA0080,Karel Jansen,VVCS (Dutch Players' Union),Netherlands,General Agents & Staff,No
FARA1484,Anton Janssen,SEG (Sports Entertainment Group),Netherlands,General Agents & Staff,No
FARA0977,Henner Janzen,Henner Janzen Sports,Germany,General Agents & Staff,No
FARA0282,Louise Fellows,Quantum Sport,UK,Leadership & Owners,Yes
FARA0352,Daniel Fletcher,Fletcher Consulting,UK,Professional & Legal Specialists,Yes
FARA1621,Benjamin Jeandon,Pro-Vision Football,UK,General Agents & Staff,No
FARA0885,Ben Jeche,Jeche Agency,UK,General Agents & Staff,No
FARA0300,Darren Mcbay,The Transfer Broker Ltd,UK,General Agents & Staff,Yes
FARA0336,John Morris,KeySports Management,UK,General Agents & Staff,Yes
FARA2589,Søren Tougaard Jensen,CMA Group,Denmark,Leadership & Owners,No
FARA2121,Goran Jerković,GDM Sport,Serbia,Family & Former Players,No
FARA1047,Fabio Jeronimo Mello,FMS Gestão Esportiva,Brazil,Family & Former Players,No
FARA1230,Christophe Aymen Jeudy,JS Sports Agency,France,General Agents & Staff,No
FARA0592,Benjamin David Thatcher,MN2S,UK,Professional & Legal Specialists,Yes
FARA1790,Gary Michael Duke-Cohan,"Myers, Fletcher & Gordon (Legal)",UK,Professional & Legal Specialists,Yes
FARA0781,Hirotoshi Kadoi,MULTI SPEED,Japan,Leadership & Owners,No
FARA0773,Charles Kaikai,Fidus Sports,UK,Leadership & Owners,No
FARA2205,Necirvan Kale,Kale Sports Management,Germany,General Agents & Staff,No
FARA1715,Michael Kallback,Neverland Management,Sweden,General Agents & Staff,No
FARA2143,Stephen O. Melekeowei,Independent (FA Registered),UK,General Agents & Staff,Yes
FARA0349,Ravindranath S. Kanhai,Independent (FA Registered),UK,General Agents & Staff,No
FARA1388,Lionel Gandi Kapinga,LK Legacy Moves,UK,General Agents & Staff,No
FARA1859,Theofilos Karasavvidis,K Football Solutions,Greece,Family & Former Players,No
FARA2416,Nir Karin,Nir Karin Soccer Management,Israel,General Agents & Staff,No
FARA1112,Andreas Karlsson,BR Group Management,Sweden,Leadership & Owners,No
FARA0431,Maria Karlsson De Cecco,CMG (Global),Sweden,Family & Former Players,No
FARA2799,Michal Karpinski,HMP Sport Management,Poland,General Agents & Staff,No
FARA0872,Igor Campedelli,Sferico Sports Management,Italy,Leadership & Owners,Yes
FARA1832,Steven Kay,Independent (FA Registered),UK,General Agents & Staff,No
FARA2544,Gemma Keam,Independent (FA Registered),UK,General Agents & Staff,No
FARA0925,Thomas Keane,Brandsmiths,UK,Professional & Legal Specialists,No
FARA2556,Milan Kecman,NUI Sports Agency,Serbia,Leadership & Owners,No
FARA1174,Douglas Keen,Prive Sports Management,UK,General Agents & Staff,No
FARA0105,Haydn Dodge,Two Touch Agency,UK,General Agents & Staff,Yes
FARA1220,Jonathan Fadugba,Independent (Scouting/Consultancy),UK,Professional & Legal Specialists,Yes
FARA1261,Tracy Kenny,TK Recruiter,UK,General Agents & Staff,No
FARA2655,Riadh Kethiri,Black Stars Tunisia,Tunisia,Leadership & Owners,No
FARA0429,Joseph Keulemans,Stephen Hunt Management,Ireland,General Agents & Staff,No
FARA1839,Abdul Rahman Khalifeh,Kha-Squared Ltd,UK,General Agents & Staff,No
FARA1932,Julian Perez,Area Sport Team,Spain,General Agents & Staff,Yes
FARA0095,Daniel Coles,EL-EF Sport,UK,Family & Former Players,Yes
FARA2681,Hasan Kilic,KSM Agency,Sweden,General Agents & Staff,No
FARA1555,Dong-wan Kim,Unique Sports Group (USG),South Korea,General Agents & Staff,No
FARA1823,Tae Young Kim,Independent (Ex-Pro),South Korea,General Agents & Staff,No
FARA2173,Hyonjin Kim,"Woul Sports Co., Ltd",South Korea,General Agents & Staff,No
FARA0711,Craig Honeyman,HSH Sports,UK,Leadership & Owners,Yes
FARA1695,Chris Kinnear,CK Consulting / Dover Athletic,UK,Professional & Legal Specialists,No
FARA0739,Karol Kisel,K21 Sports Entertainment,Slovakia,Family & Former Players,No
FARA1999,Gloire-Patrice Kitutu,CLICK Management & Consulting,DR Congo,General Agents & Staff,No
FARA0728,Junior Jackson,Truth Sports Management,UK,General Agents & Staff,Yes
FARA1242,Marijo Knez,3MiLAB,Croatia,Leadership & Owners,No
FARA2327,Jop Knoester,Your Team,Netherlands,General Agents & Staff,No
FARA1968,Len Koeman,J9 FTM,Netherlands,General Agents & Staff,No
FARA1098,Istvan Kohari,K&K Football Consultancy,Hungary,General Agents & Staff,No
FARA1062,Jaroslaw Kolakowski,KFM (Kolakowski Football Mgmt),Poland,General Agents & Staff,No
FARA0921,Viktor Kolar,Sport Invest,Czech Republic,General Agents & Staff,No
FARA0653,Franck Konan-Waidhet,Konan Waidhet Management,Ivory Coast,General Agents & Staff,No
FARA1923,Ibrahima Konate,Independent (Family/Boutique),France,General Agents & Staff,No
FARA0980,Antonio Konsa,G6 Sports Management,UK,Family & Former Players,No
FARA1221,Masaki Konuma,JSP,Japan,General Agents & Staff,No
FARA1446,Ralph Adekoya,Future11 Sports Group,UK,General Agents & Staff,Yes
FARA0989,Paul Koutsoliakos,ROGON,Germany,General Agents & Staff,No
FARA2289,Dawid Kowalski,Dawid Kowalski Players Agent LLC,Poland,Leadership & Owners,No
FARA1826,Oliver P. Kronenberg,Independent (Legal),Switzerland,Professional & Legal Specialists,No
FARA1381,Bjorn Tore Kvarme,Nordic Sky,Norway,Family & Former Players,No
FARA1697,Velibor Djuka Kvrgic,Love Players,Croatia,Leadership & Owners,No
FARA1101,Gabriele La Manna,GLM Sports Management,Italy,General Agents & Staff,No
FARA2284,Mohamed Y. Laarissi,YSI Football,Netherlands,Leadership & Owners,No
FARA0566,Fabio Possagno,FAM Sports,Italy,General Agents & Staff,Yes
FARA2107,Emmanuel Lacroix,FOKUS,France,General Agents & Staff,No
FARA2673,Yohann Lacroix,FOKUS (Cracksman),France,Family & Former Players,No
FARA2459,Babajide Ladipo,Two Touch Agency,UK,Leadership & Owners,No
FARA1041,Jean-Noel Lafontan,Elite 19 Sports,France,Leadership & Owners,No
FARA1432,Steven S. Blatherwick,Harwick Sports Group,UK,Family & Former Players,Yes
FARA1385,Jude Oboavwoduo,Rambo Elite,UK,General Agents & Staff,Yes
FARA1144,Tanal Taleb,Areté,Germany,General Agents & Staff,Yes
FARA1302,Joanna Tongue,Tongue Tied Management,UK,Leadership & Owners,Yes
FARA0542,Yvan Le Mée,Sport Profile / Scuderia,France,General Agents & Staff,No
FARA0118,Julien C. Briquez,Sumpro Global Sports Agency,France,General Agents & Staff,Yes
FARA2136,Yanise Yacine Lebadi,YSI Football,France,General Agents & Staff,No
FARA2682,Julien Legret,360Talent,France,General Agents & Staff,No
FARA2547,Marek Legutko,BMG-SPORT,Poland,Professional & Legal Specialists,No
FARA2766,Alexandre Lemos Soares,Velop4 Sports,Brazil,General Agents & Staff,No
FARA1418,Daniel Leoni,Excellence Sport,Italy,General Agents & Staff,No
FARA2055,Ezekiel Kevin Teya,Tenstone Sports,UK,General Agents & Staff,Yes
FARA2489,Monir Boutaib,NexGoal Sports,France,General Agents & Staff,Yes
FARA0144,Richard Cresswell,Blue Sky Sports,UK,Family & Former Players,Yes
FARA1190,Mickael Libong,ML Sports,France,General Agents & Staff,No
FARA0014,Marco Lichtsteiner,Lichtsteiner Group,Switzerland,Leadership & Owners,No
FARA0273,David Manasseh,CAA Stellar,UK,Elite & Super-Agents,Yes
FARA1718,Linnea Lindmark,Five 9 Sports,Sweden,Leadership & Owners,No
FARA1046,Ryan Lindsay,Independent (Ex-Pro),Canada,General Agents & Staff,No
FARA1516,Rodger Linse,SP The Agency,Netherlands,General Agents & Staff,No
FARA0999,Fabrizio Lioi,NGA Sport,Italy,Leadership & Owners,No
FARA0835,James Lippett,World in Motion,UK,General Agents & Staff,No
FARA2179,Davide Lippi,Reset Group,Italy,General Agents & Staff,No
FARA0652,Jose Domingo Alvarez Tamarit,LEADERBROCK sports,Spain,General Agents & Staff,Yes
FARA0435,Manuel Ramon Sierra Camacho,Football Division,Ecuador,General Agents & Staff,Yes
FARA1705,Geoff Lockhart,Kingdom Football Management,UK,General Agents & Staff,No
FARA0303,Eamon Mcloughlin,Fortitude Sports,Ireland,General Agents & Staff,Yes
FARA2732,Murat Lokurlu,Sportagentur Lokurlu,Germany,Leadership & Owners,No
FARA2760,Luciano Lombardo,Lombardi Associates,UK (Scotland),Professional & Legal Specialists,No
FARA2195,Sebastian Lopez Fernandez,Insua & Rol Sports,Argentina,Leadership & Owners,No
FARA2231,Juan Manuel Lopez Martinez,Niagara Sports Company,Spain,Family & Former Players,No
FARA2362,Jean Martial Irenee Lopoh,Maxidel Management,Ivory Coast,General Agents & Staff,No
FARA1604,Daniel Lorenz,Lorenz Consulting,Portugal,Professional & Legal Specialists,No
FARA1704,Brais Lorenzo,Excellence Sport,Spain,General Agents & Staff,No
FARA1248,Alessandro Lucci,World Soccer Agency (WSA),Italy,Elite & Super-Agents,No
FARA2590,Mads Bach Lund,CMA Group,Denmark,General Agents & Staff,No
FARA0313,Jonathan Maarek,Classico Sports Management,France,General Agents & Staff,No
FARA0943,Yuki Mabuchi,Imagent Inc.,Japan,Leadership & Owners,No
FARA0848,Edoardo Crnjar,Excellence Sport,Italy,Leadership & Owners,Yes
FARA0217,Graeme Rankin,Graeme Rankin Sports Management,UK,General Agents & Staff,Yes
FARA2504,Paulo Madeira,Madeira Sports,Portugal,Leadership & Owners,No
FARA0214,James Cross,General Sports Worldwide,UK,General Agents & Staff,Yes
FARA0490,Evert Maeschalck,Wasserman (formerly SportPlus),Belgium,General Agents & Staff,No
FARA0883,Gary Hale,FullNinety Sports Management,UK,General Agents & Staff,Yes
FARA0182,Tomasz Magdziarz,Fabryka Futbolu,Poland,Family & Former Players,No
FARA2329,Oliver Maggi,Arch.Law Sports,UK,Professional & Legal Specialists,No
FARA2124,Nick Maginnis,P11 Football,UK,Leadership & Owners,No
FARA1026,Magnus Agnar Magnusson,CAA Stellar,Iceland,General Agents & Staff,No
FARA0520,Stuart Richardson,General Sports Worldwide,UK,General Agents & Staff,Yes
FARA0035,Stephen Ayodele Makinwa,Makoz Group,Nigeria,Family & Former Players,No
FARA1223,Anton Maksimov,LTA Agency,Bulgaria,General Agents & Staff,No
FARA0210,Cornelis (Kees) Vos,SEG (Sports Entertainment Group),Netherlands,Leadership & Owners,Yes
FARA1854,Denholm Fraser,Denholm Associates,UK,Professional & Legal Specialists,Yes
FARA0587,Gian Maria Montesano,081 Sports Ltd,Italy,Leadership & Owners,Yes
FARA1187,Michael Manuello,One Team Football,France,Leadership & Owners,No
FARA1439,Cesare Umberto Marchetti,Intermezzo Sports,UK,General Agents & Staff,No
FARA0613,ALFONSO MAROTTA,Independent (FA Registered),Italy,General Agents & Staff,No
FARA1542,Alexandre Marques,Alexandre A Marques Agency,Portugal,General Agents & Staff,No
FARA1253,Joao Marques dos Santos,Brezilya Agency,Portugal,General Agents & Staff,No
FARA0547,Tonci Martic,MS Mundi,Croatia,Leadership & Owners,No
FARA1150,CRISTIAN MARTIN VIDAL,WOM Sports Management,Spain,General Agents & Staff,No
FARA1584,Silvano Martina,Assist s.r.l.,Italy,Leadership & Owners,No
FARA2013,Armand Patrick Nguesseu,Nextstep Sports Agency,Canada,General Agents & Staff,Yes
FARA2280,HELIO MARTINS,SoccerSoul Lda,Portugal,General Agents & Staff,No
FARA1235,Hedi Marzouk,HMK Consulting,France,General Agents & Staff,No
FARA2707,BEN MARZOUK,The Promanagers,France,General Agents & Staff,No
FARA0153,Marcelo Mascagni,Attacantti Sports Marketing,Brazil,General Agents & Staff,No
FARA0043,Andrew Mashiter,Blue Carpet Sports Management,UK,General Agents & Staff,No
FARA1951,Nick Mashiter,Independent (Media/Consultant),UK,Professional & Legal Specialists,No
FARA0775,Gilbert Armah Masoperh,GAM Agency,Ghana,Leadership & Owners,No
FARA0452,Federico Massai,CAA Base,Spain,General Agents & Staff,No
FARA0563,Audry Matadi,Malakite Sport,Belgium,Leadership & Owners,No
FARA1843,Andrej Matic,CAA Stellar,Serbia,Professional & Legal Specialists,No
FARA1275,Eugene Otchere-Poku,Eleven12 Limited,UK,Leadership & Owners,Yes
FARA1913,Cara Mattocks,PlaySport Agency,Australia,Professional & Legal Specialists,No
FARA0537,Nick Mavromaras,Mavromaras Sport Management,Canada,General Agents & Staff,No
FARA2730,Japheth Mayuah,24Seven Sports,UK,Leadership & Owners,No
FARA1668,Youssef Mazraoui,Independent (Family),Netherlands,General Agents & Staff,No
FARA2151,Ryan Taylor,Independent (Ex-Pro),UK,Professional & Legal Specialists,Yes
FARA1884,Andre Mballa Abena,Mballa Abena Mgmt,Cameroon,Leadership & Owners,No
FARA0401,Aaron T. Wilbraham,Independent (Ex-Pro),UK,Professional & Legal Specialists,Yes
FARA0223,Eric Beauchamp,InterLex Sport,Spain,Leadership & Owners,Yes
FARA1795,David McManus,David McManus Agencies,UK (Scotland),Leadership & Owners,No
FARA0583,Henry Croft,We Are Defy,UK,Leadership & Owners,Yes
FARA1882,Ebenezer Nartey,ENN Sports Limited,Ghana,Leadership & Owners,Yes
FARA1087,Neil Sang,Triple S Sports,UK,General Agents & Staff,Yes
FARA2444,Nabile Hakimi,Hakimi Football,France,General Agents & Staff,Yes
FARA0795,Des McKeown,Des McKeown Management,UK (Scotland),Leadership & Owners,No
FARA0525,Peter McLean,PBM Sports Management,UK,Leadership & Owners,No
FARA1629,Lucian-George Avram,Avram Sports Management,UK,Leadership & Owners,Yes
FARA0399,Matthew William Murray,William Murray Group,UK,Leadership & Owners,Yes
FARA1491,Edward Nketiah,Elite Project Group,UK,General Agents & Staff,Yes
FARA0016,William (Bill) Mcmurdo,Football Promotions (Scotland),UK,General Agents & Staff,No
FARA1711,Felix Meisenberg,Cherry Sports,Belgium,General Agents & Staff,No
FARA1871,H Karim Mejjati Alami,Football Solution Business,Morocco,Leadership & Owners,No
FARA0204,Ally Mellor,Beswicks Sports,UK,General Agents & Staff,No
FARA0677,Gary Mellor,Beswicks Sports,UK,Leadership & Owners,No
FARA0311,Jennifer Mendelewitsch,Supernova Management,France,General Agents & Staff,No
FARA0461,Jorge Mendes,GestiFute,Portugal,Elite & Super-Agents,No
FARA2149,Pedro Mendes,GestiFute,Portugal,General Agents & Staff,No
FARA0193,Andrew Quinn,Andrew-Quinn Consulting,UK,Professional & Legal Specialists,Yes
FARA1571,Aman Mesfen,11MANGMT,Sweden,General Agents & Staff,No
FARA0786,Steven Kabba,The Players' Agent,UK,Family & Former Players,Yes
FARA1568,Marcin Michalak,INNfootball,Poland,General Agents & Staff,No
FARA0679,Martin Charles Rowlands,Independent (Ex-Pro),UK,Professional & Legal Specialists,Yes
FARA0893,Mathias Miller,Wasserman,France,General Agents & Staff,No
FARA2596,Michelangelo Minieri,MM-Management,Italy,Family & Former Players,No
FARA2271,Paul Mitchell,Newcastle Utd (Ex) / Elite Recruitment,UK,Professional & Legal Specialists,No
FARA1330,Dejan Mitrovic,Universal Twenty Two,Serbia,General Agents & Staff,No
FARA1958,Simphiwe Mkhize,Elysian Management,South Africa,General Agents & Staff,No
FARA0858,Kerys Harrop,KJ Harrop Consultancy / Kyzen,UK,Family & Former Players,Yes
FARA0730,ALESSANDRO MOGGI,GEA World,Italy,Elite & Super-Agents,No
FARA1699,Joseph Mohan,Carmenta,UK,General Agents & Staff,No
FARA0539,Iain Moody,Sapienza Football Consulting,UK,Professional & Legal Specialists,No
FARA0198,Craig Andrew Moore,Independent (Ex-Pro),Australia,Professional & Legal Specialists,No
FARA0408,Cesar Morales Galan,Invertr3s Sports,Spain,Leadership & Owners,No
FARA2116,Serban Moraru,M&M Football Agency,Romania,Leadership & Owners,No
FARA1706,Patrick Mörk,Global Soccer Management,Sweden,Leadership & Owners,No
FARA0935,Robert Segal,WMG (Wasserman),UK,General Agents & Staff,Yes
FARA2723,Milan Bisevac,On Fire,Serbia,Family & Former Players,Yes
FARA1645,Kurt Morsink,KMR Sports Group,USA,Family & Former Players,No
FARA2599,Marco Motta,Elite Sports Agency,Italy,Family & Former Players,No
FARA1364,Richard Motzkin,Wasserman,USA,Elite & Super-Agents,No
FARA0991,Ludovic Moulonguet,ROCK N GOAL,France,Leadership & Owners,No
FARA0939,Ashley Brown,Ignite Talent,UK,General Agents & Staff,Yes
FARA1290,George Seymour,Seymour Sports Group,UK,Leadership & Owners,Yes
FARA0070,Francisco Jose Munoz Ponce,Minerva Sport,Spain,Leadership & Owners,No
FARA0412,George Iulian Murar,Murar Sports Agency,Romania,Leadership & Owners,No
FARA1091,Andrea Murialdo,IFL Sportive,Italy,Leadership & Owners,No
FARA2446,Paul Black,Independent (Ex-Pro),UK,General Agents & Staff,Yes
FARA0845,Neil Murray,Independent (Ex-Pro),UK (Scotland),Professional & Legal Specialists,No
FARA0250,Steve Wood,M&C Saatchi Merlin,UK,General Agents & Staff,Yes
FARA2342,Kevin Nagawa,Universal Sports Japan,Japan,Professional & Legal Specialists,No
FARA0818,Alan Naigeon,A&V Sports,France,Leadership & Owners,No
FARA1088,Gbolahan Adarabioyo,Closeview,UK,Leadership & Owners,Yes
FARA1573,Abdilgafar (Fali) Ramadani,LIAN Sports Group,Germany,Elite & Super-Agents,Yes
FARA0812,Meissa N'Diaye,Sport Cover,France,Elite & Super-Agents,No
FARA0807,Dr. Tim Nebelung,11friends,Germany,Leadership & Owners,No
FARA2206,Pedro Neto,Independent (Family/Boutique),Portugal,General Agents & Staff,No
FARA2326,Daniel Sebastian Neuber,Beckster International,Monaco,General Agents & Staff,No
FARA0187,Lee Charles Mudd,New Era Global Sports,UK,General Agents & Staff,Yes
FARA2032,Balikou Nibombe,NSPORTS & bGROUP,Togo,Leadership & Owners,No
FARA1566,Nicholas Nicholson,Nicholson Agencies,UK,General Agents & Staff,No
FARA1569,Humphry Nijman,Football Mix B.V.,Netherlands,Leadership & Owners,No
FARA2735,Mpho Nkontlha,MAM Sport Law,South Africa,Leadership & Owners,No
FARA1818,Thomas Norbruis,FlowSports,Netherlands,General Agents & Staff,No
FARA2309,Lennart Norgren,Len Norgren Agency,Sweden,Leadership & Owners,No
FARA1904,Matt Higgins,RSE Ventures / All American,USA,Professional & Legal Specialists,Yes
FARA0116,Marc Nygaard,Prime Performer Mgmt,Denmark,Leadership & Owners,No
FARA1777,Nikola Sutovic,Mondialvas,Montenegro,General Agents & Staff,Yes
FARA1661,Aleksa Obradovic,Nova Talent Management,Serbia,Leadership & Owners,No
FARA2215,Gabriel Ferreira Nunes,Pro Futebol,Brazil,General Agents & Staff,Yes
FARA2561,Sean Daly,Millwall Community Trust,UK,Professional & Legal Specialists,Yes
FARA2537,James Vaughan,16NinetyTwo Sports Mgmt / Everton,UK,Family & Former Players,Yes
FARA0901,Jens Oergaard,Boutique Transfers and Management,Denmark,Leadership & Owners,No
FARA1593,Yusuke Ohno,Athleteplus Inc.,Japan,General Agents & Staff,No
FARA2045,Edmund Brack,Independent (Media/Rep),UK,General Agents & Staff,Yes
FARA0483,Abdikarim Farah,16NinetyTwo Sports Mgmt,UK,General Agents & Staff,Yes
FARA2218,Samuel Okhidie,1Seven Sports Management,UK,General Agents & Staff,No
FARA1901,Darius Henderson,Darius Henderson Promotions,UK,Family & Former Players,Yes
FARA0900,Habeeb Olagunju,Coda Independent Sports,UK,General Agents & Staff,No
FARA0181,Edwin Olde Riekerink,Vision4Soccer,Netherlands,Family & Former Players,No
FARA1792,Nima Modyr-Torshizi,Modyr Management,Sweden,Leadership & Owners,Yes
FARA2583,Victor Onate Serena,DV7 Management,Spain,Elite & Super-Agents,No
FARA1722,Martin O'Riley,Elite Project Group (Agency),UK,General Agents & Staff,No
FARA0257,David Buncall,Code:4 Sports,UK,Leadership & Owners,Yes
FARA1395,Josep Maria Orobitg Gene,Tactic Grup,Spain,Elite & Super-Agents,No
FARA0608,Jacek Osadnik,Jumbo Football Agency,Poland,Leadership & Owners,No
FARA0174,Ryo Osawa,JEB Entertainment,Japan,General Agents & Staff,No
FARA2539,Abraham Osho,Elite Project Group,UK,General Agents & Staff,No
FARA2194,Dane Rashford,DN May Sports Management,UK,Family & Former Players,Yes
FARA0393,Vincenzo Raiola,Team Raiola,Italy,Elite & Super-Agents,Yes
FARA0676,Duncan Oughton,Independent (Ex-Pro),New Zealand,Professional & Legal Specialists,No
FARA1360,Efrain Pachón,EuroData Sport,Colombia,Leadership & Owners,No
FARA1239,Juan Pablo Pachon Chaves,JP Pachon Sports,Colombia,Leadership & Owners,No
FARA0986,Alberto Paini,Paini Group,Italy,Leadership & Owners,No
FARA1017,Peter Paleologos,Libero Consulting,Australia,Leadership & Owners,No
FARA2028,Adam Dugdale,Independent (Ex-Pro),UK,General Agents & Staff,Yes
FARA0010,Przemyslaw Dawid Pantak,F-MG (Football Management Group),Poland,Leadership & Owners,No
FARA2785,Bence Papp,BePro Career Agency,Hungary,Leadership & Owners,No
FARA1057,Abiodun Baruwa,Independent (Ex-Pro),Nigeria,General Agents & Staff,Yes
FARA1523,Jean Charles Parot,Global Football Agency,France,General Agents & Staff,No
FARA2495,Omar Boutaib,NexGoal Sports,France,General Agents & Staff,Yes
FARA0809,Pavel Paska,International Sport Management (ISM),Czech Republic,Leadership & Owners,No
FARA0930,Luca Pastore,Lombardi Associates,Italy,Professional & Legal Specialists,No
FARA0206,Federico Pastorello,P&P Sport Management,Italy,Elite & Super-Agents,No
FARA0647,Zoran Pavlovic,Pavlovic Sports,Serbia,Leadership & Owners,No
FARA1371,Christian Payan,Cabinet Olympi.net,France,General Agents & Staff,No
FARA1415,Henry Wise,Independent (Ex-Pro),UK,Professional & Legal Specialists,Yes
FARA0459,Russell Peake,Stream Mgmt Ltd,UK,Leadership & Owners,No
FARA2286,Matt Wasserberg,MW Football Consultancy,UK,Leadership & Owners,Yes
FARA2555,Markus Brohl,Dr. Brohl & Partner,Germany,Leadership & Owners,Yes
FARA0286,Tore Andre Pedersen,TPSportManagement,Norway,Family & Former Players,No
FARA2029,Andrea Pellegatti,Epic Sports,Italy,General Agents & Staff,No
FARA2619,Gary Person,Gary Porter Agency,UK,General Agents & Staff,No
FARA1940,Luke Rodgers,SMI Sports Management,UK,Family & Former Players,Yes
FARA2494,Gianfranco Petruzziello,Forza Carreira Esportiva,Brazil,Leadership & Owners,No
FARA2133,Fabrice Picot,Evolution Sport Conseil,France,Family & Former Players,No
FARA1873,Michalis Angelides,UEFA / Independent,Cyprus,Professional & Legal Specialists,Yes
FARA0685,Marcus Campbell,New Era Global Sports,UK,General Agents & Staff,Yes
FARA2094,Seok Lim,IZ Sports Management,South Korea,Leadership & Owners,Yes
FARA0106,Clive Linton Platt,Independent (Ex-Pro),UK,Professional & Legal Specialists,Yes
FARA0813,Philippe Piola,P1 Sports Management,France,General Agents & Staff,No
FARA1237,Lisandro Eduardo Pirosanto,DC Global,Argentina,General Agents & Staff,No
FARA1589,Paulo Antonio Pitombeira,Talents Sports,Brazil,Elite & Super-Agents,No
FARA0847,Carlota Planas Riera,Unstoppable Sports Agency,Spain,Leadership & Owners,No
FARA2135,Paulo Fernando Tonietto,Uram Foot-ball,Brazil,Elite & Super-Agents,Yes
FARA0301,Kees Ploegsma (Jr.),SEG (Sports Entertainment Group),Netherlands,General Agents & Staff,No
FARA0287,Herve Bochud,SAFP (Ambassador),Switzerland,Family & Former Players,Yes
FARA0203,Adrien Poujade,Heritage Sport Management,France,Leadership & Owners,No
FARA1238,Arthur Poupel,Kemari,France,Leadership & Owners,No
FARA0341,Darryl Anthony Powell,Paramount Sports Management,UK,Leadership & Owners,No
FARA2638,Danny Rackham,DNA Management,UK,Leadership & Owners,No
FARA2622,Andrea Radrizzani,Aser Ventures,Italy,Leadership & Owners,No
FARA1378,Tony Rallis,Rallis & Co,Australia,Leadership & Owners,No
FARA1258,Jeremy Ramalingam,JR Sports Management,UK,Leadership & Owners,No
FARA2793,Arasa Ferrer Ramon,R&F Football Mgmt,Spain,Leadership & Owners,No
FARA1097,Veronica Boiero,Signature - ISCM AG,Switzerland,Professional & Legal Specialists,Yes
FARA2001,Chris Brandon,Independent (Ex-Pro),UK,Professional & Legal Specialists,Yes
FARA0962,Christian Karl Rapp,ROGON,Germany,Leadership & Owners,No
FARA2795,Zoran Rasic,Go 4 Sports AG,Switzerland,Leadership & Owners,No
FARA2381,Esad Razic,ER Sports Management,Sweden,Leadership & Owners,No
FARA2246,Zhongyang Liu,HUPU Sports,China,Professional & Legal Specialists,Yes
FARA2569,Alan Reeves,AR Sports Management,UK,Professional & Legal Specialists,No
FARA0908,Hernan Reguera,Eleven Talent Group,Argentina,Leadership & Owners,No
FARA0370,Paul Stretford,Triple S Sports,UK,Leadership & Owners,Yes
FARA1880,Fitz Hall,Base Soccer (CAA),UK,Family & Former Players,Yes
FARA0527,Brian Howard,BHM Sports,UK,Family & Former Players,Yes
FARA0626,Baljit Rihal,Inventive Sports,UK,Leadership & Owners,No
FARA0664,Giuseppe Antonio Riso,GR Sports Agency,Italy,Elite & Super-Agents,No
FARA0328,Marco Pisano,Independent (Ex-Pro),Italy,Professional & Legal Specialists,Yes
FARA0103,Giuseppe Russo,Fifteen Management,UK,General Agents & Staff,Yes
FARA1623,Salley Adam,SAL Sports Management,UK,Leadership & Owners,Yes
FARA2794,Harun Roble,CMG Sports / Coda Independent,UK,General Agents & Staff,No
FARA2797,Vitor Rodrigues Saba,Independent (Ex-Pro),Brazil,Professional & Legal Specialists,No
FARA1003,Luke William Rooney,Sporting Talent,UK,Family & Former Players,No
FARA2728,Markus Rosenberg,Full Potential Agency,Sweden,Family & Former Players,No
FARA1498,Horacio Pablo Rossi,Capital Group Sport Mgmt,Argentina,Leadership & Owners,No
FARA0443,Lee Philpott,PMG (Philpott Management Group),UK,Family & Former Players,Yes
FARA0642,Leon Callender,Straight Ace Sports,UK,General Agents & Staff,Yes
FARA2372,Bjorn Runstrom,Global Soccer Management,Sweden,Family & Former Players,No
FARA2649,James Dasaolu,Independent (Ex-Athlete),UK,Professional & Legal Specialists,Yes
FARA2552,Brett Lambert-Wright,FAM Sports,UK,Leadership & Owners,Yes
FARA2371,Francois Saadi,Simbioze Football,France,General Agents & Staff,No
FARA2020,Gilmore Saaiman,G Sports Management,South Africa,General Agents & Staff,No
FARA1095,Andreas Sadlo,ROOF,Germany,Leadership & Owners,No
FARA2061,Habib Saeed,BH Sports Group,UK,Leadership & Owners,No
FARA2319,Cem Sagar,Diamond Sports Management,UK,Leadership & Owners,No
FARA1329,Francesco Paolo Salerno,Esse Sports Agency,Italy,Leadership & Owners,No
FARA0687,William Salthouse,Unique Sports Group (USG),UK,Leadership & Owners,No
FARA2644,Alonso Sanchez,LIAN Sports & Partners,Spain,General Agents & Staff,No
FARA2594,Harry Dayson,Rebirth Soccer,UK,General Agents & Staff,Yes
FARA2442,Ebbe Sand,Elite Consulting,Denmark,Family & Former Players,No
FARA2502,Afoakwa Gyasi,AG Sports Consult,Ghana,Leadership & Owners,Yes
FARA2447,Jacky Mouyal,SCM Football,Switzerland,Leadership & Owners,Yes
FARA0660,Andrew Evans,World in Motion,UK,Leadership & Owners,Yes
FARA2201,David Hughes,CAA Base,UK,Professional & Legal Specialists,Yes
FARA2440,Adedeji Sanyaolu,Sports-Supreme,UK,General Agents & Staff,No
FARA0746,Daniel John Naisbitt,World in Motion,UK,General Agents & Staff,Yes
FARA1035,Catalin Viorel Sarmasan,Sarmasan Management,Romania,Leadership & Owners,No
FARA1595,BRUNO SATIN,BS&Partners,France,Elite & Super-Agents,No
FARA0622,Gareth Saunders,Platinum Sports (Pension),UK,Professional & Legal Specialists,No
FARA1825,Alexandra Saundry,More Than Management,Australia,Leadership & Owners,No
FARA1874,Gary Rogers,Unique Sports Group,Ireland,General Agents & Staff,Yes
FARA0827,Neil Saxton,Catalyst4PSM,UK,Professional & Legal Specialists,No
FARA0308,Dean Baker,Wasserman,UK,General Agents & Staff,Yes
FARA0545,Benjamin Dawson,CAA Base,UK,Professional & Legal Specialists,Yes
FARA2233,Michael Schimpelsberger,SEG (Sports Entertainment Group),Austria,Family & Former Players,No
FARA1653,Martin Tim Schoots,Best Of You Sports,Netherlands,Elite & Super-Agents,No
FARA0067,Frank Schouten,Key United,Netherlands,Leadership & Owners,No
FARA2759,Frank Schreier,More than Sport,Austria,Leadership & Owners,No
FARA2022,Florian Schroeder,Three Six Zero,UK,Leadership & Owners,No
FARA1957,Adam Sells,Sells Goalkeeper Management,UK,Professional & Legal Specialists,No
FARA0149,Sergiy Serebrennikov,ProStar,Ukraine,Family & Former Players,No
FARA1678,Vadym Shablii,ProStar,Ukraine,Elite & Super-Agents,No
FARA0731,Tony Sharkey,Footballer Central,UK,General Agents & Staff,No
FARA1562,Misha Sher,EssenceMediacom Sport,UK,Professional & Legal Specialists,No
FARA0852,Akshay Shetty,Sport & Event Management,Sweden,General Agents & Staff,No
FARA1311,Assaf Shvartz,EL Sport Agency,Israel,Leadership & Owners,No
FARA2064,Rasthoem Simons,Simsport International,South Africa,Professional & Legal Specialists,No
FARA0841,Marjan Sisic,Marjan Sisic Players Agency,Croatia,Elite & Super-Agents,No
FARA1392,Moussa Sissoko,Elite 19 Sports Mgmt,France,Elite & Super-Agents,No
FARA2117,John Sivebaek,Sivebæk Sports Mgmt,Denmark,Family & Former Players,No
FARA1317,Kelly Skeggs,OmniSports,UK,Leadership & Owners,No
FARA0224,Jon Smith,First Artist Mission,UK,Elite & Super-Agents,No
FARA0396,Darren Dein,Doubled Sports Agency,UK,Elite & Super-Agents,Yes
FARA1981,Imran Soeleiman,Mellow Yellow Sports,Netherlands,General Agents & Staff,No
FARA1557,Jim Solbakken,Sirius Player Management,Norway,Elite & Super-Agents,No
FARA1740,Soorani,Ace1 Sports Global,Iran,Leadership & Owners,No
FARA1922,Thomas Sottie,Synergy Sport Consult,Ghana,Professional & Legal Specialists,No
FARA1320,Sonia Souid,CSM Sport & Entertainment,France,Elite & Super-Agents,No
FARA0599,Oumar Koliba Soumare,MDC Advisors,Senegal,Leadership & Owners,No
FARA0920,Raymond Sparkes,Raymond Sparkes Management,UK,General Agents & Staff,No
FARA0691,Philip Sproson,Sproson Girl Management,UK,Family & Former Players,No
FARA2290,Konstantinos Stalikas,ZAIX International,Greece,General Agents & Staff,No
FARA1341,Serge Kone,SK Sports Management,UK,Leadership & Owners,Yes
FARA1483,Alfonso STELLITTANO,Sport Talent Agency,France,Leadership & Owners,No
FARA1717,Romain STEVENON,Blackskill,France,Leadership & Owners,No
FARA0806,Maikel Stevens,SEG (Sports Entertainment Group),Netherlands,General Agents & Staff,No
FARA2722,Scott Stevenson,Stevenson Sports Mgmt,UK,Leadership & Owners,No
FARA2725,Iain Stevenson,Stevenson Sports Mgmt,UK,General Agents & Staff,No
FARA1563,Fabio Stevic,World of Soccer,Germany,General Agents & Staff,No
FARA0800,Gordon Stipic-Wipfler,ASBW Sport Marketing,Germany,Elite & Super-Agents,No
FARA0438,Rafaela Pimenta,Team Pimenta (ex-Raiola),Brazil,Elite & Super-Agents,Yes
FARA0472,Charlie Bilbie,Tornado Sports Mgmt,UK,General Agents & Staff,Yes
FARA0577,Arron Rhys Davies,ARD Agency,UK,Leadership & Owners,Yes
FARA2697,Ahmed Tahar,Triple Keys Sports,Saudi Arabia,General Agents & Staff,No
FARA2095,Gilles Cannavaro Takamte,Mars Management,Cameroon,General Agents & Staff,No
FARA0216,Nobuaki Tanabe,JEB Entertainment,Japan,Leadership & Owners,No
FARA0082,Latchezar Tanev,Tanev Academy/Mgmt,Bulgaria,Family & Former Players,No
FARA2610,Ibrahim Tasci,Future Consult,Denmark,Leadership & Owners,No
FARA2792,Diego Tavano,BSM (Business Sport Mgmt),Italy,General Agents & Staff,No
FARA1583,Faisal Saleem,F3 Sports Management,UK,Professional & Legal Specialists,Yes
FARA0723,George Mellor,Beswicks Sports,UK,General Agents & Staff,Yes
FARA2370,Gunter Thiebaut,Quadrans,Belgium,Family & Former Players,No
FARA0633,Marlon Fleischmann,Unique Sports Group (USG),UK,Leadership & Owners,Yes
FARA1503,"Edward ""Eddy"" Jennings",Beswicks Sports,UK,Professional & Legal Specialists,Yes
FARA1340,Christian Timm,Christian Timm Sports,Germany,Family & Former Players,No
FARA1576,Alberto Toldra Arias,Toldra Consulting,Spain,Leadership & Owners,No
FARA0335,Alvaro Torres Calderon,You First,Spain,Leadership & Owners,No
FARA1625,Paschalis Tountouris,Prosport International,Greece,Leadership & Owners,No
FARA0169,Isaac Tutumlu Lopez,Tutumlu Agency,Spain,Leadership & Owners,No
FARA0178,Simon Bayliff,Areté,UK,Family & Former Players,Yes
FARA0195,Alexandre Uram,Brazil Soccer Sports Management,Brazil,Leadership & Owners,No
FARA0297,Eduardo Uram,Brazil Soccer Sports Management,Brazil,Leadership & Owners,No
FARA2562,Michel Urscheler,Gold Kick SA,Switzerland,General Agents & Staff,No
FARA1018,Jan van Baal,JB Sports2Business,Netherlands,Leadership & Owners,No
FARA0221,Patrick Van Diemen,VVCS,Netherlands,Family & Former Players,No
FARA2565,Nathan van Kooperen,Muy Manero,Netherlands,Elite & Super-Agents,No
FARA0241,Imre Varadi,Imre Varadi Sports Management,UK,Family & Former Players,No
FARA1600,Vadim Vasilyev,VV Consulting,Russia,Leadership & Owners,No
FARA1506,Nelson Veiga,Mondo Victory,Cape Verde,Family & Former Players,No
FARA1394,Gilmar Veloz Filho,Veloz Sports Management,Brazil,Elite & Super-Agents,No
FARA0597,Jon McLeish,JM Sports / Platinum One,UK,Family & Former Players,Yes
FARA0634,Claudio Vigorelli,Vigo Global Sport Services,Italy,Leadership & Owners,No
FARA2382,John Viola,John Viola Sports Mgmt,UK,General Agents & Staff,No
FARA1560,Jorg Von Appen,Von Appen,Germany,Professional & Legal Specialists,No
FARA0945,Tyler Alexander-Arnold,PLG Agency,UK,Family & Former Players,Yes
FARA0617,Spencer Wadsworth,Wasserman,USA,Leadership & Owners,No
FARA0168,Harry Hickford,HH Management Services,UK,Family & Former Players,Yes
FARA1685,Wessel Weezenberg,Prime11,Netherlands,Leadership & Owners,No
FARA0145,Chris Welbeck,Markfield Sports Mgmt,UK,Family & Former Players,No
FARA0012,Helmuth Wennin,Wennin Sports,Colombia,Leadership & Owners,No
FARA0411,Kristofer Wennin,Wennin Sports,Colombia,General Agents & Staff,No
FARA0252,Wayne Welbeck,Prodigy Sports Group,UK,Family & Former Players,Yes
FARA1556,Matthew Willock,Global Talent Services,UK,Family & Former Players,No
FARA0632,Ian Ryder,Unique Sports Group (USG),UK,Professional & Legal Specialists,Yes
FARA0092,James Tunnicliffe,Unique Sports Group (USG),UK,Professional & Legal Specialists,Yes
FARA0572,Lyle Yorks III,James Grant Sports / Wasserman,USA,Elite & Super-Agents,No
FARA1175,PINHAS ZAHAVI,Gol International,Israel,Elite & Super-Agents,No
FARA2450,Guillermo Zamarripa,TMJ (The Marketing Jersey),Mexico,Elite & Super-Agents,No
FARA2314,Bowen Zhan,SSP-Agency,China,General Agents & Staff,No
FARA0022,Pawel Zimonczyk,FairSport Agency,Poland,Leadership & Owners,No
FARA1847,Abderrahmane Zitouni,Pro Foot Consulting,Algeria,General Agents & Staff,No
FARA2465,Diogo Filipe Machado Cunha,ProWorld Football Agency,Portugal,General Agents & Staff,Yes